{
    "0,0": {
        "req_pnt": [
            23,
            115
        ],
        "extent_gcj02": [
            20.75210448627573,
            113.1143331315199,
            24.884356513724267,
            117.5974334684801
        ]
    },
    "0,1": {
        "req_pnt": [
            23,
            117
        ],
        "extent_gcj02": [
            21.21642668627573,
            114.49240121633852,
            25.34867871372427,
            118.99098758366148
        ]
    },
    "0,2": {
        "req_pnt": [
            23,
            119
        ],
        "extent_gcj02": [
            21.532796186275732,
            115.14559029127062,
            25.66504821372427,
            119.65495970872936
        ]
    },
    "1,0": {
        "req_pnt": [
            25,
            115
        ],
        "extent_gcj02": [
            22.189493386275732,
            113.70866955885015,
            26.32174541372427,
            118.24103044114986
        ]
    },
    "1,1": {
        "req_pnt": [
            25,
            117
        ],
        "extent_gcj02": [
            22.998490586275732,
            114.90579501849301,
            27.13074261372427,
            119.467632581507
        ]
    },
    "1,2": {
        "req_pnt": [
            25,
            119
        ],
        "extent_gcj02": [
            22.82946008627573,
            116.21976121997653,
            26.961712113724268,
            120.77533318002347
        ]
    },
    "2,0": {
        "req_pnt": [
            27,
            115
        ],
        "extent_gcj02": [
            25.82763508627573,
            113.92456271844087,
            29.959887113724267,
            118.60002608155914
        ]
    },
    "2,1": {
        "req_pnt": [
            27,
            117
        ],
        "extent_gcj02": [
            24.942357286275733,
            114.76161028798438,
            29.07460931372427,
            119.39969511201562
        ]
    },
    "2,2": {
        "req_pnt": [
            27,
            119
        ],
        "extent_gcj02": [
            24.88610728627573,
            117.89990515957018,
            29.018359313724268,
            122.5356724404298
        ]
    }
}